0,1,2,3,4
3320,3325,3333,3328,3324
3320,3325,3333,3328,3324
3320,3325,3333,3328,3324
3320,3325,3333,3328,3324
3320,3325,3333,3328,3324
3320,3325,3333,3328,3324
3320,3325,3333,3328,3324
3320,3325,3333,3328,3324
3320,3325,3333,3328,3324
3320,3325,3333,3328,3324
3320,3325,3333,3328,3324
3320,3325,3333,3328,3324
3320,3325,3333,3328,3324
3320,3325,3333,3328,3324
3320,3325,3333,3328,3324
3320,3325,3333,3328,3324
3320,3325,3333,3328,3324
3320,3325,3333,3328,3324
3320,3325,3333,3328,3324
3320,3325,3333,3328,3324
3307,3312,3319,3314,3310
3279,3284,3291,3286,3282
3275,3280,3288,3283,3278
3272,3277,3286,3281,3276
3266,3272,3281,3275,3270
3263,3269,3278,3272,3267
3260,3267,3277,3270,3265
3277,3283,3293,3287,3281
3272,3279,3289,3282,3276
3255,3261,3272,3265,3259
3265,3272,3283,3276,3270
3267,3274,3285,3278,3271
3271,3278,3289,3282,3276
3275,3282,3294,3286,3280
3277,3284,3296,3289,3282
3278,3285,3296,3289,3283
3278,3285,3296,3289,3282
3279,3286,3297,3290,3284
3299,3306,3317,3310,3304
3296,3303,3313,3306,3300
3279,3286,3296,3290,3284
3276,3283,3293,3287,3281
3276,3282,3293,3286,3280
3273,3280,3291,3284,3278
3267,3274,3284,3278,3271
3257,3264,3275,3268,3262
3255,3262,3273,3266,3260
3256,3263,3275,3267,3261
3266,3274,3285,3278,3271
3270,3277,3289,3281,3275
3269,3276,3288,3281,3274
3280,3287,3299,3292,3285
3290,3298,3309,3302,3295
3290,3297,3308,3301,3294
3286,3293,3304,3297,3291
3276,3283,3294,3287,3281
3259,3266,3277,3270,3263
3255,3262,3273,3266,3259
3255,3262,3273,3266,3260
3254,3262,3273,3266,3259
3258,3265,3277,3270,3263
3262,3269,3282,3274,3267
3262,3270,3282,3274,3268
3264,3272,3284,3276,3269
3268,3276,3288,3280,3274
3266,3274,3286,3278,3272
3264,3271,3284,3276,3269
3265,3272,3284,3277,3270
3266,3274,3286,3278,3271
3267,3274,3286,3278,3272
3266,3273,3285,3278,3271
3261,3269,3281,3273,3267
3261,3268,3281,3273,3266
3264,3271,3284,3276,3269
3267,3275,3287,3279,3273
3270,3277,3289,3282,3275
3265,3272,3285,3277,3270
3262,3270,3282,3274,3267
3260,3267,3280,3272,3265
3265,3272,3284,3277,3270
3267,3275,3287,3279,3273
3261,3269,3281,3274,3267
3259,3267,3279,3271,3264
3257,3264,3277,3269,3262
3253,3261,3273,3265,3259
3256,3263,3276,3268,3261
3257,3265,3277,3269,3262
3258,3266,3279,3270,3263
3258,3266,3278,3270,3263
3258,3265,3278,3270,3263
3260,3268,3281,3273,3265
3262,3270,3283,3275,3267
3261,3269,3282,3274,3267
3262,3270,3282,3274,3267
3260,3268,3281,3273,3265
3257,3265,3278,3270,3263
3264,3272,3285,3277,3270
3266,3273,3286,3278,3271
3265,3273,3286,3278,3271
3260,3267,3280,3272,3265
3258,3265,3278,3270,3263
3258,3266,3278,3270,3263
3259,3267,3280,3272,3265
3260,3268,3281,3273,3265
3262,3270,3282,3274,3267
3265,3273,3286,3278,3271
3267,3275,3287,3279,3272
3261,3269,3282,3274,3267
3260,3267,3280,3272,3265
3257,3265,3278,3270,3263
3257,3265,3277,3269,3262
3255,3263,3276,3268,3261
3256,3264,3277,3269,3262
3258,3266,3279,3271,3263
3261,3269,3282,3274,3267
3264,3272,3285,3277,3270
3288,3296,3309,3301,3294
3294,3301,3314,3306,3299
3298,3305,3317,3309,3303
3301,3309,3320,3313,3306
3305,3312,3323,3316,3310
3308,3315,3326,3319,3313
3312,3318,3329,3322,3316
3315,3322,3332,3325,3320
3318,3325,3334,3328,3323
3312,3318,3327,3321,3316
3294,3300,3309,3303,3298
3293,3299,3308,3302,3297
3292,3298,3308,3302,3296
3291,3297,3307,3301,3295
3290,3297,3306,3300,3295
3290,3296,3306,3300,3294
3289,3295,3305,3299,3293
3288,3295,3305,3298,3293
3288,3294,3304,3298,3292
3287,3294,3304,3297,3291
3287,3293,3303,3297,3291
3286,3293,3303,3296,3290
3286,3292,3302,3296,3290
3285,3292,3302,3295,3290
3285,3291,3302,3295,3289
3284,3291,3301,3295,3289
3284,3290,3301,3294,3288
3283,3290,3301,3294,3288
3283,3290,3301,3294,3288
3283,3289,3300,3293,3287
3282,3289,3300,3293,3287
3282,3289,3300,3293,3287
3282,3289,3300,3293,3286
3282,3288,3299,3292,3286
3281,3288,3299,3292,3286
3281,3288,3299,3292,3286
3281,3288,3299,3292,3286
3281,3288,3299,3292,3285
3280,3287,3298,3291,3285
3280,3287,3298,3291,3285
3280,3287,3298,3291,3285
3280,3287,3298,3291,3285
3280,3287,3298,3291,3284
3279,3286,3298,3291,3284
3279,3286,3298,3290,3284
3279,3286,3297,3290,3284
3279,3286,3297,3290,3284
3279,3286,3297,3290,3284
3249,3256,3268,3261,3254
3245,3253,3264,3257,3250
3241,3249,3261,3253,3246
3237,3245,3258,3250,3243
3234,3242,3255,3246,3239
3230,3238,3252,3243,3236
3234,3243,3257,3248,3240
3235,3243,3257,3248,3241
3238,3247,3261,3252,3244
3245,3254,3268,3259,3251
3256,3265,3280,3271,3263
3257,3266,3280,3271,3263
3257,3265,3279,3271,3263
3251,3260,3274,3265,3257
3252,3261,3275,3266,3258
3253,3261,3275,3266,3259
3251,3260,3274,3265,3257
3242,3251,3265,3256,3248
3260,3268,3282,3273,3266
3277,3286,3299,3291,3283
3270,3278,3292,3283,3275
3289,3298,3311,3303,3295
3279,3287,3300,3292,3285
3271,3279,3291,3283,3276
3259,3267,3279,3271,3264
3261,3269,3282,3274,3267
3253,3261,3273,3265,3258
3244,3252,3265,3257,3249
3240,3249,3262,3253,3246
3233,3242,3255,3246,3239
3226,3235,3249,3240,3232
3224,3233,3248,3239,3231
3224,3233,3248,3238,3230
3235,3245,3259,3250,3242
3226,3236,3251,3241,3233
3232,3241,3256,3247,3238
3227,3237,3252,3242,3234
3228,3237,3253,3243,3234
3225,3235,3250,3240,3232
3230,3240,3255,3245,3237
3230,3240,3256,3246,3237
3231,3241,3256,3246,3238
3237,3247,3262,3253,3244
3239,3249,3265,3255,3246
3239,3249,3265,3255,3246
3241,3251,3266,3256,3248
3240,3250,3265,3255,3247
3240,3250,3265,3256,3247
3241,3250,3266,3256,3247
3241,3251,3266,3256,3248
3240,3249,3265,3255,3246
3240,3250,3265,3255,3247
3238,3247,3262,3253,3244
3236,3246,3261,3251,3243
3236,3245,3261,3251,3242
3237,3247,3262,3252,3244
3236,3246,3261,3251,3243
3235,3245,3260,3250,3242
3236,3246,3261,3252,3243
3235,3245,3260,3251,3242
3233,3243,3258,3249,3240
3230,3240,3255,3245,3237
3230,3240,3255,3245,3237
3233,3243,3258,3248,3240
3234,3244,3260,3250,3241
3236,3246,3262,3252,3243
3238,3248,3264,3254,3245
3240,3250,3266,3256,3247
3238,3248,3264,3254,3245
3237,3247,3262,3252,3243
3236,3246,3261,3251,3243
3235,3245,3260,3250,3242
3236,3246,3262,3252,3243
3235,3244,3260,3250,3241
3236,3246,3261,3252,3243
3235,3245,3261,3251,3242
3237,3247,3262,3252,3243
3238,3248,3263,3253,3244
3240,3249,3265,3255,3246
3238,3248,3264,3254,3245
3238,3248,3264,3254,3245
3239,3248,3264,3254,3245
3239,3249,3264,3254,3245
3239,3249,3264,3254,3246
3240,3250,3265,3255,3247
3242,3252,3267,3257,3249
3242,3252,3268,3258,3249
3246,3256,3271,3262,3253
3246,3255,3270,3261,3252
3245,3255,3270,3260,3252
3244,3254,3269,3259,3251
3245,3255,3270,3260,3252
3244,3253,3268,3259,3250
3240,3250,3265,3255,3247
3241,3251,3266,3257,3248
3241,3251,3266,3257,3248
3242,3252,3267,3257,3249
3245,3254,3270,3260,3251
3246,3256,3271,3261,3252
3246,3256,3271,3262,3253
3247,3256,3271,3262,3253
3248,3258,3273,3263,3255
3241,3251,3266,3257,3248
3247,3257,3272,3262,3254
3245,3254,3270,3260,3251
3246,3255,3270,3261,3252
3246,3256,3271,3261,3253
3243,3253,3268,3259,3250
3242,3252,3267,3257,3249
3241,3251,3266,3256,3248
3240,3249,3264,3255,3246
3238,3248,3263,3253,3245
3237,3247,3263,3253,3244
3237,3246,3262,3252,3243
3232,3242,3258,3248,3239
3235,3245,3260,3251,3242
3237,3247,3263,3253,3244
3235,3245,3261,3251,3242
3238,3248,3264,3254,3245
3240,3250,3266,3256,3247
3244,3254,3269,3259,3250
3245,3255,3271,3261,3252
3248,3258,3274,3264,3255
3251,3261,3276,3266,3258
3251,3261,3277,3267,3258
3244,3253,3269,3259,3250
3243,3253,3268,3259,3250
3247,3257,3272,3262,3254
3253,3262,3278,3268,3259
3246,3255,3270,3261,3252
3244,3253,3269,3259,3250
3245,3255,3270,3261,3252
3248,3258,3273,3263,3255
3246,3255,3270,3261,3252
3245,3254,3270,3260,3251
3244,3254,3269,3260,3251
3248,3258,3273,3263,3254
3249,3259,3274,3264,3256
3250,3259,3274,3265,3256
3254,3263,3278,3269,3260
3256,3266,3281,3271,3263
3258,3267,3282,3273,3264
3260,3269,3284,3274,3266
3261,3270,3285,3276,3267
3261,3270,3285,3276,3268
3263,3272,3287,3278,3269
3270,3279,3293,3284,3276
3269,3278,3292,3283,3275
3273,3282,3296,3287,3279
3271,3280,3294,3285,3277
3272,3280,3294,3285,3278
3270,3279,3292,3284,3276
3270,3278,3292,3283,3276
3263,3272,3285,3277,3269
3266,3275,3288,3280,3272
3271,3279,3293,3284,3277
3276,3285,3298,3289,3282
3288,3297,3310,3301,3294
3296,3305,3318,3309,3302
3283,3291,3304,3296,3288
3280,3288,3301,3293,3286
3277,3285,3298,3290,3283
3285,3293,3306,3298,3291
3286,3294,3307,3299,3292
3301,3309,3321,3313,3306
3292,3300,3312,3304,3298
3304,3311,3323,3315,3309
3311,3318,3330,3322,3316
3314,3321,3332,3325,3319
3300,3307,3318,3311,3305
3288,3295,3306,3299,3293
3287,3294,3305,3298,3292
3286,3293,3304,3297,3291
3285,3292,3303,3296,3290
3284,3291,3303,3296,3289
3283,3291,3302,3295,3288
3282,3290,3301,3294,3287
3282,3289,3301,3293,3287
3281,3288,3300,3293,3286
3280,3288,3299,3292,3285
3279,3287,3299,3291,3285
3279,3286,3298,3291,3284
3278,3286,3298,3290,3283
3269,3276,3289,3281,3274
3246,3254,3267,3259,3252
3241,3250,3263,3254,3247
3237,3245,3259,3250,3243
3232,3241,3255,3246,3238
3230,3239,3253,3244,3236
3229,3239,3254,3244,3236
3228,3237,3253,3243,3234
3236,3246,3262,3252,3243
3232,3243,3258,3248,3239
3232,3242,3258,3248,3239
3230,3240,3256,3246,3237
3224,3235,3251,3241,3232
3232,3243,3259,3249,3240
3232,3242,3259,3249,3239
3234,3245,3261,3251,3241
3232,3243,3260,3249,3239
3231,3242,3258,3248,3238
3230,3240,3257,3246,3237
3236,3247,3264,3253,3243
3235,3245,3262,3252,3242
3238,3249,3266,3255,3246
3241,3251,3268,3258,3248
3237,3248,3264,3254,3244
3232,3243,3259,3249,3239
3234,3245,3261,3251,3241
3238,3249,3266,3255,3246
3239,3249,3266,3255,3246
3239,3250,3266,3256,3246
3239,3250,3267,3256,3247
3240,3250,3267,3256,3247
3239,3250,3266,3256,3246
3238,3248,3265,3254,3245
3239,3250,3266,3256,3246
3241,3252,3268,3258,3248
3244,3255,3271,3261,3251
3249,3260,3276,3266,3257
3252,3262,3278,3268,3259
3250,3260,3276,3266,3257
3264,3274,3290,3280,3271
3269,3279,3295,3285,3276
3281,3290,3306,3296,3287
3280,3289,3304,3294,3286
3283,3292,3306,3297,3289
3287,3296,3310,3301,3293
3292,3301,3314,3306,3298
3291,3300,3313,3304,3297
3301,3309,3322,3314,3307
3305,3313,3325,3317,3310
3308,3316,3328,3320,3314
3301,3308,3320,3313,3306
3284,3291,3303,3296,3289
3283,3290,3302,3295,3288
3282,3289,3301,3294,3287
3281,3289,3301,3293,3286
3280,3288,3300,3292,3285
3256,3264,3276,3268,3261
3245,3254,3266,3258,3251
3240,3249,3262,3254,3246
3235,3244,3258,3249,3242
3231,3240,3254,3245,3237
3226,3236,3251,3241,3233
3222,3232,3247,3237,3228
3224,3234,3250,3240,3231
3238,3249,3265,3255,3245
3226,3237,3253,3243,3233
3228,3238,3255,3244,3235
3230,3241,3258,3247,3238
3238,3248,3265,3255,3245
3240,3251,3267,3257,3247
3242,3253,3270,3259,3249
3244,3255,3271,3261,3251
3246,3256,3273,3262,3253
3249,3260,3276,3266,3257
3270,3281,3297,3287,3278
3277,3287,3303,3293,3284
3282,3292,3307,3297,3289
3286,3296,3311,3301,3293
3291,3300,3314,3305,3297
3295,3304,3317,3309,3301
3299,3307,3321,3312,3305
3303,3311,3324,3316,3308
3294,3302,3314,3307,3299
3279,3287,3299,3291,3284
3278,3286,3298,3290,3283
3277,3285,3298,3290,3283
3276,3284,3297,3289,3282
3276,3284,3297,3289,3281
3275,3283,3296,3288,3281
3274,3283,3296,3287,3280
3274,3282,3295,3287,3279
3273,3282,3295,3286,3279
3273,3281,3294,3286,3278
3272,3281,3294,3285,3278
3272,3280,3293,3285,3277
3271,3280,3293,3285,3277
3271,3279,3293,3284,3277
3270,3279,3292,3284,3276
3270,3279,3292,3284,3276
3270,3278,3292,3283,3276
3269,3278,3292,3283,3275
3239,3248,3262,3253,3245
3235,3244,3258,3249,3241
3230,3239,3254,3245,3236
3225,3235,3251,3241,3232
3221,3231,3247,3237,3228
3217,3227,3244,3233,3224
3213,3223,3240,3230,3220
3209,3220,3237,3226,3216
3222,3233,3251,3240,3230
3221,3233,3251,3240,3229
3210,3222,3240,3229,3218
3216,3228,3246,3235,3224
3223,3235,3253,3242,3231
3217,3229,3248,3236,3226
3225,3237,3255,3244,3233
3223,3235,3254,3242,3231
3223,3235,3254,3242,3232
3229,3241,3259,3248,3237
3228,3240,3258,3247,3236
3228,3240,3259,3247,3236
3232,3243,3262,3250,3240
3233,3245,3263,3252,3241
3229,3241,3259,3247,3237
3232,3243,3261,3250,3240
3236,3247,3265,3254,3244
3234,3246,3264,3252,3242
3235,3246,3264,3253,3243
3236,3248,3265,3254,3244
3235,3246,3264,3253,3243
3235,3247,3264,3253,3243
3236,3247,3264,3253,3243
3236,3247,3265,3254,3244
3236,3247,3265,3254,3244
3238,3249,3267,3256,3246
3236,3247,3265,3254,3244
3236,3247,3265,3254,3244
3234,3245,3263,3252,3242
3239,3251,3268,3257,3247
3239,3250,3268,3257,3247
3238,3249,3266,3255,3245
3238,3249,3266,3255,3245
3240,3251,3268,3257,3247
3240,3251,3269,3258,3248
3239,3251,3268,3257,3247
3248,3259,3276,3265,3255
3254,3265,3282,3271,3261
3259,3270,3287,3276,3267
3264,3274,3291,3281,3271
3270,3281,3297,3287,3277
3278,3288,3304,3294,3285
3279,3289,3304,3295,3286
3288,3297,3312,3303,3294
3292,3301,3316,3306,3298
3292,3301,3315,3306,3298
3297,3306,3320,3311,3303
3301,3310,3323,3315,3307
3303,3311,3324,3316,3309
3288,3297,3309,3301,3294
3280,3288,3300,3292,3285
3279,3287,3299,3291,3284
3278,3286,3299,3291,3283
3277,3285,3298,3290,3282
3276,3284,3297,3289,3281
3264,3273,3286,3277,3270
3252,3260,3274,3265,3258
3250,3259,3273,3265,3257
3256,3265,3280,3271,3262
3245,3255,3269,3260,3252
3250,3260,3275,3265,3257
3250,3260,3275,3265,3257
3244,3254,3269,3260,3251
3236,3246,3261,3252,3243
3233,3244,3260,3250,3241
3233,3244,3260,3250,3241
3234,3245,3262,3252,3242
3235,3246,3263,3252,3242
3235,3246,3263,3252,3243
3233,3244,3262,3251,3241
3232,3243,3261,3250,3240
3233,3244,3261,3250,3240
3233,3244,3262,3251,3240
3235,3246,3264,3253,3243
3237,3249,3266,3255,3245
3238,3250,3267,3256,3246
3238,3250,3268,3257,3246
3239,3250,3268,3257,3247
3239,3250,3268,3257,3247
3239,3251,3268,3257,3247
3234,3246,3263,3252,3242
3237,3249,3266,3255,3245
3237,3248,3266,3255,3245
3242,3254,3272,3260,3250
3243,3255,3272,3261,3251
3242,3253,3271,3260,3250
3241,3252,3270,3259,3249
3241,3252,3270,3259,3249
3246,3258,3275,3264,3254
3254,3265,3282,3271,3261
3273,3284,3302,3291,3281
3278,3289,3305,3295,3285
3283,3293,3309,3299,3290
3287,3297,3312,3303,3294
3291,3301,3316,3306,3298
3295,3305,3319,3310,3302
3299,3308,3322,3314,3306
3274,3283,3296,3288,3280
3273,3282,3295,3287,3279
3272,3281,3295,3286,3278
3271,3280,3294,3285,3277
3270,3280,3293,3285,3277
3270,3279,3293,3284,3276
3269,3278,3292,3284,3275
3268,3278,3292,3283,3275
3268,3277,3291,3282,3274
3267,3277,3291,3282,3274
3267,3276,3291,3281,3273
3266,3276,3290,3281,3273
3266,3275,3290,3281,3272
3265,3275,3289,3280,3272
3265,3274,3289,3280,3271
3264,3274,3289,3279,3271
3234,3244,3259,3250,3241
3229,3239,3255,3245,3236
3224,3235,3251,3241,3232
3221,3232,3249,3239,3229
3230,3242,3259,3248,3238
3230,3242,3259,3248,3238
3232,3244,3261,3250,3240
3240,3252,3269,3258,3248
3240,3252,3270,3259,3248
3236,3248,3266,3254,3244
3238,3250,3268,3257,3246
3240,3252,3270,3258,3248
3242,3254,3272,3261,3250
3246,3257,3275,3264,3254
3243,3254,3272,3261,3251
3245,3257,3274,3263,3253
3239,3251,3268,3257,3247
3242,3253,3271,3260,3250
3244,3255,3273,3262,3251
3247,3258,3276,3265,3254
3245,3256,3273,3263,3252
3244,3255,3273,3262,3252
3243,3255,3272,3261,3251
3240,3252,3269,3258,3248
3238,3250,3267,3256,3246
3235,3246,3264,3253,3243
3235,3247,3265,3254,3243
3232,3243,3261,3250,3240
3232,3244,3262,3251,3240
3238,3249,3268,3256,3246
3238,3250,3268,3256,3246
3235,3247,3265,3254,3243
3235,3247,3265,3253,3243
3234,3246,3264,3253,3243
3237,3249,3267,3255,3245
3238,3250,3268,3256,3246
3238,3250,3268,3257,3246
3236,3248,3266,3255,3244
3229,3241,3259,3248,3237
3224,3236,3255,3243,3232
3227,3239,3258,3246,3235
3229,3241,3260,3248,3238
3229,3241,3260,3248,3237
3241,3253,3272,3260,3249
3264,3276,3295,3283,3272
3269,3281,3299,3287,3277
3274,3285,3303,3292,3282
3279,3290,3306,3296,3286
3283,3294,3310,3300,3290
3287,3298,3314,3304,3295
3292,3302,3317,3307,3299
3293,3303,3318,3308,3300
3270,3279,3294,3285,3276
3269,3279,3293,3284,3276
3268,3278,3292,3283,3275
3268,3277,3292,3283,3274
3267,3276,3291,3282,3273
3266,3276,3291,3281,3273
3265,3275,3290,3281,3272
3265,3275,3290,3280,3272
3264,3274,3289,3280,3271
3264,3274,3289,3279,3270
3263,3273,3288,3279,3270
3262,3273,3288,3278,3269
3262,3272,3288,3278,3269
3262,3272,3287,3278,3269
3261,3271,3287,3277,3268
3261,3271,3287,3277,3268
3260,3271,3286,3276,3267
3260,3270,3286,3276,3267
3260,3270,3286,3276,3267
3259,3270,3286,3276,3266
3259,3269,3285,3275,3266
3259,3269,3285,3275,3266
3258,3269,3285,3275,3266
3258,3269,3285,3275,3265
3258,3268,3284,3274,3265
3240,3250,3266,3256,3247
3232,3243,3259,3249,3240
3221,3232,3249,3239,3229
3224,3236,3254,3242,3232
3222,3234,3252,3240,3230
3226,3238,3256,3245,3234
3226,3238,3257,3245,3234
3216,3228,3247,3236,3225
3214,3227,3246,3234,3223
3218,3231,3250,3238,3227
3218,3231,3251,3238,3227
3218,3231,3251,3238,3227
3216,3229,3249,3237,3225
3218,3232,3252,3239,3227
3222,3236,3256,3243,3231
3221,3235,3255,3242,3231
3224,3238,3258,3245,3233
3225,3238,3258,3246,3234
3226,3239,3259,3247,3235
3225,3238,3258,3245,3234
3226,3239,3259,3247,3235
3227,3240,3260,3248,3236
3232,3245,3265,3253,3241
3233,3246,3266,3254,3242
3247,3260,3279,3267,3256
3253,3265,3285,3273,3261
3262,3275,3294,3282,3271
3260,3272,3290,3279,3268
3261,3273,3291,3279,3269
3273,3284,3302,3291,3281
3277,3288,3305,3294,3284
3281,3292,3308,3298,3288
3279,3290,3306,3296,3286
3275,3285,3301,3291,3282
3281,3291,3307,3297,3288
3265,3275,3290,3281,3272
3264,3275,3290,3280,3271
3264,3274,3289,3280,3271
3263,3273,3289,3279,3270
3262,3273,3288,3278,3269
3262,3272,3288,3278,3269
3261,3271,3287,3277,3268
3260,3271,3287,3277,3268
3260,3270,3287,3276,3267
3259,3270,3286,3276,3267
3259,3270,3286,3276,3266
3258,3269,3285,3275,3266
3258,3269,3285,3275,3265
3245,3256,3272,3262,3253
3238,3249,3266,3255,3246
3242,3253,3271,3260,3250
3231,3243,3260,3249,3239
3223,3234,3252,3241,3231
3224,3236,3254,3243,3232
3220,3232,3251,3239,3229
3227,3239,3259,3247,3235
3219,3232,3251,3239,3228
3230,3243,3263,3250,3239
3234,3247,3267,3255,3243
3233,3246,3266,3254,3242
3219,3231,3251,3239,3227
3223,3236,3255,3243,3232
3222,3235,3255,3243,3231
3217,3230,3250,3238,3226
3219,3232,3252,3240,3228
3227,3240,3261,3248,3236
3231,3244,3265,3252,3240
3223,3236,3256,3244,3232
3222,3236,3256,3243,3232
3225,3239,3259,3246,3235
3236,3250,3270,3257,3245
3237,3250,3271,3258,3246
3241,3254,3274,3261,3250
3255,3268,3288,3275,3264
3264,3276,3295,3283,3272
3268,3280,3299,3287,3277
3273,3285,3302,3291,3281
3275,3287,3304,3293,3283
3269,3280,3297,3287,3277
3270,3281,3297,3287,3277
3266,3277,3293,3283,3273
3273,3284,3300,3290,3280
3260,3271,3287,3277,3268
3236,3246,3263,3252,3243
3225,3237,3254,3243,3233
3222,3233,3251,3240,3230
3219,3231,3249,3237,3227
3226,3239,3258,3246,3235
3220,3232,3252,3240,3228
3217,3230,3249,3237,3226
3217,3231,3251,3238,3227
3213,3226,3246,3234,3222
3213,3226,3247,3234,3222
3212,3226,3247,3234,3222
3214,3228,3249,3236,3224
3213,3227,3249,3235,3223
3216,3230,3251,3238,3225
3216,3230,3252,3238,3226
3218,3232,3253,3240,3228
3217,3231,3253,3239,3227
3218,3232,3253,3240,3228
3220,3235,3256,3243,3230
3224,3238,3259,3246,3233
3223,3237,3258,3245,3232
3224,3238,3259,3246,3234
3227,3241,3263,3249,3237
3230,3244,3265,3252,3240
3237,3251,3272,3259,3247
3246,3259,3280,3267,3255
3249,3262,3282,3270,3258
3256,3269,3289,3277,3265
3260,3273,3292,3280,3269
3256,3268,3287,3275,3264
3265,3277,3296,3284,3274
3275,3287,3305,3293,3283
3280,3292,3309,3298,3288
3284,3295,3312,3302,3292
3273,3284,3301,3290,3281
3261,3272,3288,3278,3269
3269,3280,3297,3286,3277
3266,3276,3293,3282,3273
3234,3245,3261,3251,3242
3226,3237,3254,3244,3234
3220,3232,3250,3239,3229
3215,3227,3246,3234,3223
3213,3226,3245,3233,3222
3219,3232,3252,3240,3228
3224,3237,3257,3245,3233
3221,3234,3255,3242,3230
3218,3232,3253,3240,3228
3216,3229,3250,3237,3225
3215,3229,3250,3237,3224
3208,3222,3243,3230,3218
3208,3222,3244,3231,3218
3211,3225,3247,3233,3221
3214,3229,3251,3237,3224
3215,3230,3252,3238,3226
3213,3227,3250,3236,3223
3218,3232,3255,3241,3228
3218,3233,3255,3241,3228
3219,3234,3256,3242,3230
3222,3236,3258,3245,3232
3222,3236,3258,3244,3232
3221,3235,3257,3243,3231
3221,3235,3257,3244,3231
3222,3237,3258,3245,3232
3227,3241,3263,3249,3237
3224,3238,3259,3246,3234
3223,3237,3259,3245,3233
3223,3238,3259,3246,3233
3223,3238,3259,3246,3233
3224,3238,3259,3246,3233
3224,3238,3259,3246,3234
3223,3237,3259,3245,3233
3220,3234,3256,3242,3230
3219,3233,3255,3241,3229
3209,3224,3245,3232,3219
3211,3226,3248,3234,3221
3210,3225,3247,3233,3220
3209,3223,3246,3232,3219
3216,3231,3254,3240,3226
3211,3226,3248,3234,3221
3212,3227,3250,3236,3223
3213,3228,3250,3236,3223
3216,3231,3254,3240,3226
3217,3232,3255,3241,3228
3216,3231,3254,3240,3226
3217,3232,3255,3241,3228
3219,3234,3257,3243,3230
3222,3237,3259,3245,3232
3219,3234,3256,3242,3229
3223,3238,3260,3246,3233
3224,3239,3261,3247,3234
3221,3236,3258,3244,3231
3223,3238,3260,3246,3233
3222,3237,3258,3245,3232
3229,3244,3266,3252,3239
3228,3242,3264,3251,3238
3224,3239,3260,3247,3234
3224,3238,3260,3246,3234
3223,3238,3259,3246,3233
3223,3238,3259,3246,3233
3226,3240,3262,3249,3236
3224,3239,3261,3247,3234
3224,3238,3260,3246,3234
3225,3240,3261,3248,3235
3227,3242,3263,3250,3237
3230,3245,3266,3253,3240
3230,3244,3265,3252,3240
3232,3246,3268,3254,3242
3240,3254,3276,3262,3250
3245,3259,3280,3267,3255
3247,3261,3281,3268,3256
3247,3261,3281,3269,3257
3248,3261,3281,3269,3257
3238,3251,3263,3258,3247
3229,3242,3253,3250,3238
3228,3241,3251,3249,3237
3229,3242,3252,3250,3238
3227,3241,3249,3248,3236
3225,3239,3247,3247,3235
3224,3238,3246,3246,3234
3221,3235,3242,3243,3231
3218,3232,3239,3240,3228
3216,3231,3237,3239,3226
3218,3233,3238,3241,3228
3222,3237,3242,3245,3232
3220,3235,3240,3243,3231
3220,3235,3239,3243,3230
3220,3235,3238,3243,3230
3216,3231,3234,3239,3226
3217,3232,3236,3241,3228
3213,3228,3231,3237,3224
3218,3233,3235,3241,3228
3217,3233,3235,3241,3228
3217,3233,3234,3241,3228
3219,3234,3236,3243,3230
3226,3242,3243,3250,3237
3225,3240,3241,3249,3236
3225,3240,3241,3249,3236
3232,3247,3247,3256,3243
3231,3246,3245,3254,3241
3229,3244,3243,3252,3239
3223,3237,3236,3246,3233
3222,3237,3235,3245,3232
3220,3235,3234,3244,3231
3221,3236,3235,3245,3232
3218,3233,3231,3242,3229
3216,3231,3229,3239,3226
3215,3230,3228,3239,3226
3217,3232,3230,3241,3227
3214,3229,3227,3238,3224
3213,3228,3226,3237,3223
3215,3231,3229,3239,3226
3218,3233,3231,3242,3228
3218,3233,3231,3242,3229
3218,3234,3231,3242,3229
3221,3236,3234,3245,3232
3222,3237,3234,3246,3232
3219,3235,3232,3244,3230
3219,3234,3231,3243,3229
3222,3238,3235,3246,3233
3223,3238,3235,3247,3233
3225,3241,3237,3249,3236
3217,3232,3229,3241,3228
3216,3231,3235,3239,3226
3216,3232,3237,3240,3227
3217,3232,3239,3241,3227
3220,3235,3243,3244,3231
3217,3232,3240,3241,3227
3218,3234,3243,3242,3229
3218,3233,3243,3242,3229
3220,3236,3247,3245,3231
3221,3237,3248,3245,3232
3223,3239,3250,3247,3234
3222,3238,3250,3246,3233
3221,3236,3249,3245,3231
3220,3235,3249,3244,3231
3220,3235,3249,3244,3230
3221,3237,3251,3246,3232
3221,3236,3251,3245,3231
3220,3235,3250,3244,3231
3222,3238,3253,3247,3233
3223,3238,3254,3247,3233
3220,3236,3252,3244,3231
3218,3233,3250,3242,3228
3220,3236,3253,3245,3231
3222,3238,3255,3247,3233
3228,3244,3261,3252,3239
3231,3247,3264,3255,3242
3235,3250,3267,3258,3245
3230,3245,3263,3254,3241
3226,3241,3258,3249,3236
3224,3239,3257,3248,3235
3217,3232,3250,3240,3227
3216,3231,3250,3240,3226
3216,3231,3250,3240,3227
3218,3234,3253,3243,3229
3218,3234,3253,3242,3229
3215,3230,3250,3239,3226
3216,3232,3252,3241,3227
3217,3233,3253,3242,3228
3217,3233,3253,3241,3228
3215,3231,3252,3240,3226
3219,3236,3256,3244,3231
3219,3235,3256,3244,3230
3218,3234,3254,3242,3229
3217,3233,3254,3242,3229
3220,3236,3257,3245,3231
3220,3236,3257,3244,3231
3220,3236,3257,3245,3231
3218,3234,3255,3243,3229
3216,3232,3254,3241,3227
3213,3229,3251,3238,3224
3217,3233,3254,3242,3228
3220,3236,3258,3245,3231
3217,3233,3255,3242,3228
3222,3238,3259,3247,3233
3214,3230,3252,3239,3225
3212,3228,3250,3237,3223
3211,3228,3250,3237,3223
3219,3236,3258,3245,3231
3226,3242,3264,3251,3237
3235,3252,3274,3261,3247
3238,3254,3275,3262,3249
3252,3268,3289,3277,3263
3258,3274,3294,3282,3269
3264,3278,3298,3286,3274
3269,3283,3302,3290,3278
3273,3287,3306,3295,3283
3278,3291,3309,3299,3287
3257,3269,3287,3277,3266
3253,3265,3283,3273,3262
3251,3264,3282,3272,3260
3233,3246,3263,3253,3242
3216,3230,3248,3237,3226
3210,3224,3244,3232,3220
3204,3218,3239,3227,3214
3197,3213,3234,3221,3208
3200,3216,3239,3225,3212
3207,3224,3246,3233,3219
3203,3219,3242,3229,3214
3203,3220,3243,3229,3215
3203,3220,3244,3230,3215
3201,3218,3242,3228,3213
3195,3212,3236,3222,3207
3190,3208,3232,3217,3202
3193,3211,3235,3220,3205
3196,3214,3239,3224,3209
3199,3217,3242,3227,3211
3200,3218,3243,3228,3213
3202,3220,3245,3230,3214
3202,3220,3245,3230,3214
3210,3228,3252,3237,3222
3206,3224,3248,3234,3218
3208,3225,3250,3235,3220
3209,3227,3251,3237,3221
3209,3227,3251,3237,3221
3212,3229,3254,3239,3224
3211,3228,3253,3238,3223
3214,3231,3255,3240,3226
3221,3238,3262,3248,3233
3230,3247,3271,3257,3242
3220,3237,3260,3246,3232
3216,3233,3256,3242,3228
3214,3230,3253,3239,3225
3209,3226,3249,3235,3221
3210,3227,3250,3236,3221
3215,3232,3255,3241,3227
3213,3230,3254,3240,3225
3212,3229,3252,3238,3223
3216,3233,3256,3242,3227
3213,3230,3254,3240,3225
3213,3230,3254,3240,3225
3206,3223,3247,3233,3218
3207,3224,3248,3234,3219
3205,3223,3247,3232,3217
3208,3225,3249,3235,3220
3207,3224,3248,3234,3219
3205,3223,3247,3233,3217
3207,3225,3249,3235,3219
3209,3227,3251,3236,3221
3213,3230,3255,3240,3225
3217,3235,3259,3244,3229
3214,3232,3256,3241,3226
3216,3233,3257,3243,3228
3215,3232,3256,3242,3227
3216,3233,3257,3243,3228
3218,3235,3259,3244,3230
3217,3235,3258,3244,3229
3224,3241,3265,3251,3236
3243,3260,3283,3269,3255
3251,3267,3290,3276,3262
3256,3272,3294,3281,3267
3261,3277,3298,3285,3272
3267,3281,3302,3290,3277
3271,3286,3306,3294,3281
3256,3270,3289,3277,3265
3247,3261,3280,3269,3257
3246,3260,3279,3268,3256
3245,3259,3279,3267,3255
3244,3258,3278,3266,3254
3243,3257,3277,3265,3253
3242,3256,3276,3264,3252
3241,3256,3276,3264,3251
3240,3255,3275,3263,3250
3239,3254,3275,3262,3250
3239,3254,3274,3262,3249
3238,3253,3273,3261,3248
3237,3252,3273,3261,3248
3237,3252,3273,3260,3247
3236,3251,3272,3260,3247
3235,3251,3272,3259,3246
3235,3250,3271,3259,3246
3234,3250,3271,3258,3245
3234,3249,3271,3258,3245
3233,3249,3270,3257,3244
3233,3249,3270,3257,3244
3233,3248,3270,3257,3243
3232,3248,3269,3256,3243
3232,3247,3269,3256,3243
3231,3247,3269,3256,3242
3231,3247,3269,3256,3242
3231,3247,3268,3255,3242
3230,3246,3268,3255,3241
3230,3246,3268,3255,3241
3230,3246,3268,3255,3241
3219,3235,3257,3244,3230
3202,3218,3241,3227,3213
3192,3209,3232,3218,3204
3186,3204,3228,3213,3198
3181,3199,3223,3209,3193
3177,3195,3221,3206,3190
3186,3205,3232,3216,3199
3184,3203,3230,3214,3197
3179,3199,3226,3210,3193
3182,3202,3229,3213,3196
3183,3203,3230,3214,3196
3183,3203,3231,3215,3197
3183,3203,3231,3214,3197
3181,3201,3229,3213,3195
3186,3206,3234,3217,3200
3183,3204,3232,3215,3197
3184,3204,3232,3216,3198
3185,3205,3233,3216,3199
3191,3211,3239,3223,3205
3194,3214,3242,3225,3208
3196,3216,3243,3227,3210
3193,3213,3240,3224,3207
3199,3219,3247,3230,3213
3211,3231,3258,3242,3225
3217,3236,3262,3247,3230
3212,3231,3256,3241,3225
3213,3231,3257,3242,3226
3230,3248,3273,3258,3242
3238,3256,3281,3266,3250
3241,3258,3282,3268,3253
3232,3249,3272,3258,3244
3227,3244,3267,3253,3239
3228,3245,3268,3255,3240
3228,3245,3268,3254,3240
3228,3244,3267,3254,3239
3228,3245,3267,3254,3239
3225,3242,3265,3251,3237
3222,3239,3262,3248,3234
3221,3238,3261,3248,3233
3225,3242,3265,3251,3237
3223,3240,3263,3250,3235
3227,3244,3268,3254,3239
3232,3249,3272,3258,3243
3242,3259,3282,3268,3254
3234,3251,3274,3260,3246
3242,3259,3281,3268,3254
3245,3261,3283,3270,3256
3242,3258,3280,3266,3253
3233,3249,3271,3258,3244
3228,3244,3266,3253,3240
3222,3239,3261,3247,3234
3211,3227,3250,3236,3222
3195,3212,3235,3221,3207
3190,3208,3232,3218,3203
3187,3205,3230,3215,3200
3196,3215,3241,3225,3209
3200,3220,3246,3230,3214
3191,3210,3236,3220,3204
3183,3202,3229,3213,3196
3181,3201,3228,3212,3195
3186,3206,3234,3217,3200
3192,3212,3240,3223,3206
3193,3213,3241,3224,3207
3193,3213,3241,3225,3207
3192,3212,3240,3223,3206
3187,3207,3235,3218,3201
3189,3209,3237,3220,3203
3186,3206,3234,3217,3200
3185,3206,3234,3217,3200
3186,3207,3235,3218,3201
3191,3212,3240,3223,3206
3192,3213,3241,3224,3206
3190,3210,3239,3222,3204
3188,3209,3237,3220,3202
3188,3208,3236,3220,3202
3189,3210,3238,3221,3204
3187,3208,3236,3219,3202
3189,3210,3238,3221,3203
3188,3209,3237,3220,3202
3189,3210,3238,3222,3204
3190,3211,3240,3223,3205
3191,3212,3240,3223,3205
3192,3213,3241,3224,3206
3192,3213,3241,3224,3207
3192,3213,3241,3224,3206
3195,3215,3244,3227,3209
3194,3214,3242,3226,3208
3197,3217,3245,3229,3211
3199,3219,3247,3230,3213
3203,3224,3251,3235,3217
3207,3227,3254,3238,3221
3217,3237,3264,3248,3231
3216,3236,3262,3246,3230
3228,3247,3273,3258,3241
3223,3242,3268,3252,3236
3230,3249,3274,3259,3243
3245,3263,3288,3273,3258
3251,3268,3292,3278,3263
3256,3273,3296,3282,3268
3261,3278,3300,3287,3273
3244,3260,3282,3269,3255
3237,3253,3275,3262,3248
3236,3252,3274,3261,3247
3235,3251,3273,3260,3246
3234,3250,3272,3259,3245
3233,3249,3272,3258,3244
3232,3248,3271,3257,3243
3231,3248,3270,3257,3242
3230,3247,3270,3256,3242
3229,3246,3269,3255,3241
3228,3245,3268,3255,3240
3227,3245,3268,3254,3239
3227,3244,3267,3253,3239
3226,3243,3267,3253,3238
3225,3243,3266,3252,3238
3225,3242,3266,3252,3237
3205,3223,3247,3233,3218
3190,3208,3233,3218,3203
3183,3202,3228,3213,3197
3177,3197,3223,3207,3191
3171,3191,3218,3202,3185
3164,3186,3214,3197,3179
3166,3187,3217,3199,3181
3167,3189,3219,3201,3182
3176,3199,3229,3211,3192
3185,3208,3238,3220,3201
3187,3209,3239,3221,3202
3206,3229,3258,3241,3222
3219,3241,3270,3252,3234
3226,3247,3275,3258,3240
3232,3252,3280,3263,3246
3239,3258,3284,3269,3252
3245,3264,3289,3274,3258
3251,3269,3293,3279,3263
3229,3246,3270,3256,3241
3227,3244,3268,3254,3239
3226,3243,3267,3253,3238
3225,3243,3267,3252,3237
3224,3242,3266,3252,3237
3224,3242,3266,3251,3236
3223,3241,3265,3251,3235
3222,3240,3265,3250,3235
3222,3240,3264,3250,3234
3221,3239,3264,3249,3234
3219,3237,3262,3247,3232
3208,3227,3251,3237,3221
3199,3218,3243,3228,3212
3186,3205,3231,3215,3199
3177,3197,3224,3208,3191
3180,3201,3229,3212,3195
3188,3209,3237,3221,3203
3194,3215,3244,3226,3208
3198,3220,3248,3231,3213
3194,3215,3244,3227,3209
3193,3214,3243,3226,3208
3195,3217,3245,3228,3210
3188,3209,3237,3220,3202
3181,3202,3231,3214,3196
3178,3200,3229,3212,3193
3175,3197,3226,3209,3190
3176,3199,3229,3211,3192
3173,3195,3226,3208,3188
3178,3201,3231,3213,3194
3179,3202,3233,3215,3195
3182,3205,3235,3217,3198
3185,3208,3239,3220,3201
3186,3209,3239,3221,3202
3182,3205,3235,3217,3198
3182,3204,3235,3217,3198
3183,3205,3235,3217,3198
3185,3208,3238,3220,3201
3187,3209,3239,3221,3202
3187,3210,3240,3222,3203
3186,3209,3239,3221,3202
3187,3210,3240,3222,3203
3199,3221,3251,3233,3214
3195,3217,3247,3229,3211
3194,3216,3245,3228,3209
3188,3210,3239,3222,3203
3189,3211,3241,3223,3205
3189,3211,3240,3223,3204
3195,3217,3246,3229,3210
3209,3231,3261,3243,3224
3213,3235,3263,3246,3228
3222,3243,3271,3254,3236
3231,3251,3279,3262,3245
3227,3247,3274,3258,3241
3231,3250,3276,3261,3244
3234,3253,3279,3264,3247
3233,3252,3277,3262,3246
3238,3256,3281,3266,3250
3230,3249,3273,3259,3243
3225,3243,3267,3253,3237
3224,3242,3266,3252,3236
3223,3241,3266,3251,3235
3222,3240,3265,3250,3235
3221,3240,3265,3250,3234
3220,3239,3264,3249,3233
3219,3238,3264,3248,3232
3210,3229,3254,3239,3223
3216,3235,3261,3246,3229
3215,3235,3261,3245,3229
3215,3234,3260,3245,3228
3214,3234,3260,3244,3228
3208,3228,3254,3239,3222
3199,3219,3246,3230,3213
3200,3220,3247,3231,3214
3197,3218,3245,3229,3212
3193,3213,3241,3225,3207
3186,3207,3236,3219,3201
3180,3202,3230,3213,3195
3189,3212,3241,3223,3205
3202,3224,3254,3236,3217
3204,3226,3255,3238,3219
3205,3227,3256,3239,3221
3188,3210,3239,3222,3203
3177,3199,3228,3211,3192
3165,3188,3218,3200,3181
3160,3183,3213,3195,3176
3158,3182,3214,3195,3175
3163,3187,3219,3200,3180
3166,3191,3224,3204,3184
3169,3194,3227,3207,3186
3165,3190,3223,3204,3183
3166,3191,3224,3205,3184
3167,3192,3225,3205,3184
3167,3192,3225,3206,3185
3171,3196,3229,3209,3188
3176,3201,3234,3214,3193
3177,3202,3235,3216,3195
3175,3199,3232,3212,3192
3175,3200,3232,3213,3192
3175,3200,3232,3213,3193
3176,3200,3233,3214,3193
3176,3201,3233,3214,3193
3172,3197,3229,3210,3189
3175,3200,3232,3213,3192
3172,3197,3229,3210,3189
3174,3198,3231,3211,3191
3173,3197,3230,3211,3190
3171,3196,3229,3209,3189
3173,3197,3230,3211,3190
3173,3198,3231,3212,3191
3172,3197,3229,3210,3189
3172,3197,3230,3210,3190
3167,3192,3224,3205,3184
3165,3190,3223,3204,3183
3167,3192,3225,3205,3184
3164,3189,3223,3203,3182
3168,3194,3227,3208,3186
3170,3196,3229,3209,3188
3179,3204,3238,3218,3197
3202,3227,3260,3240,3219
3209,3233,3265,3246,3226
3216,3239,3270,3252,3232
3222,3245,3275,3257,3238
3229,3251,3280,3262,3244
3235,3256,3284,3267,3250
3241,3261,3288,3272,3255
3247,3266,3293,3277,3260
3237,3256,3281,3267,3250
3225,3244,3269,3254,3238
3223,3242,3268,3253,3237
3222,3241,3267,3252,3235
3221,3240,3266,3251,3234
3219,3239,3265,3250,3233
3218,3238,3264,3249,3232
3217,3237,3263,3248,3231
3216,3236,3263,3247,3230
3215,3235,3262,3246,3229
3214,3235,3261,3245,3228
3213,3234,3261,3245,3228
3212,3233,3260,3244,3227
3212,3232,3260,3243,3226
3211,3232,3259,3243,3225
3210,3231,3259,3242,3225
3209,3231,3258,3242,3224
3209,3230,3258,3241,3224
3208,3229,3257,3241,3223
3208,3229,3257,3240,3222
3207,3228,3257,3240,3222
3206,3228,3256,3240,3221
3206,3228,3256,3239,3221
3205,3227,3256,3239,3221
3205,3227,3255,3238,3220
3191,3213,3242,3225,3206
3172,3194,3223,3206,3187
3164,3187,3218,3200,3180
3157,3181,3213,3194,3174
3164,3189,3221,3202,3181
3159,3185,3218,3198,3177
3158,3183,3217,3197,3176
3156,3183,3217,3197,3175
3156,3183,3218,3197,3175
3158,3185,3220,3199,3177
3155,3182,3218,3197,3174
3158,3185,3220,3199,3177
3161,3188,3223,3202,3180
3160,3187,3223,3202,3179
3166,3194,3229,3208,3185
3168,3195,3230,3209,3187
3170,3197,3232,3212,3189
3173,3200,3234,3214,3192
3174,3200,3235,3214,3192
3174,3201,3235,3215,3193
3182,3208,3242,3222,3200
3184,3209,3243,3223,3202
3186,3211,3245,3225,3204
3188,3213,3246,3227,3206
3195,3220,3252,3233,3212
3211,3236,3268,3249,3229
3218,3242,3273,3254,3234
3222,3245,3275,3257,3238
3226,3249,3278,3261,3242
3230,3252,3280,3263,3245
3212,3233,3261,3244,3227
3211,3232,3260,3244,3226
3210,3231,3259,3243,3225
